"bandwith.googActualEncBitrate","bandwith.googAvailableSendBandwidth","bandwith.googAvailableReceiveBandwidth","bandwith.googRetransmitBitrate","bandwith.googTargetEncBitrate","bandwith.googTransmitBitrate","result.video.send.availableBandwidth","result.video.recv.availableBandwidth","result.results.packetsLost","result.results.packetsReceived","result.results.googTargetDelayMs","result.results.googCurrentDelayMs","result.results.googJitterBufferMs"
"0","0","0","0","0","0","0.0","0","0","0","0","0","0"
"0","0","0","0","0","0","0.0","0","0","0","0","0","0"
"0","300000","0","0","225200","1159158","7.5","0","0","1","0","0","0"
"348848","833846","0","0","742870","346792","42.6","0","0","52","51","51","40"
"585960","859792","0","12560","750628","619728","74.7","0","0","126","49","49","38"
"658432","930922","0","28488","800493","720480","87.9","0","0","218","51","51","40"
"762736","1005430","0","38104","862448","823488","101.5","0","0","300","55","55","44"
"818816","1077795","0","42040","926629","879376","107.3","0","0","397","58","56","47"
"838192","1153038","0","21768","1010896","918216","112.1","0","0","471","73","73","62"
"955864","1237747","0","31072","1091489","1024504","125.1","0","0","593","93","93","82"
"1011888","1317095","0","62936","1134417","1130248","138.0","0","0","726","86","86","75"
"970944","1415727","0","71544","1220566","1102408","132.9","0","0","850","87","87","76"
"1110176","1438925","0","73536","1237627","1237032","151.0","0","0","985","88","88","77"
"1117720","1520064","0","81968","1305521","1232968","150.5","0","0","1139","85","85","74"
"1252672","1642669","0","63968","1415451","1322560","161.4","0","0","1297","82","82","71"
"1298296","1766178","0","75944","1539825","1476248","181.3","0","0","1477","84","84","73"
"1454928","1886436","0","57312","1627383","1506848","183.9","0","0","1675","104","104","93"
"1047056","1084631","0","65744","927605","1214280","145.0","0","0","1871","99","99","88"
"1037448","1167346","0","73528","987621","1113032","135.9","0","0","2085","96","96","85"
"1031784","1257881","0","37856","1105671","1109400","135.4","0","0","2296","101","101","90"
"1102056","1359511","0","41296","1197419","1156560","141.2","0","0","2501","98","97","87"
"1073128","1431733","0","40224","1283239","1138632","139.0","0","0","2693","98","98","87"
"1190080","1516464","0","57472","1327263","1272336","155.3","0","0","2919","97","97","86"
"1127472","1624726","0","55464","1427250","1218464","148.7","0","0","3127","96","96","85"
"1395256","1751061","0","84120","1523047","1494504","182.4","0","0","3334","95","95","84"
"1401928","1878494","0","65400","1612474","1530552","186.8","0","0","3543","103","103","92"
"1475136","2012729","0","49504","1700000","1549160","189.1","0","0","3739","102","102","91"
"1629056","2072217","0","58888","1700000","1745608","213.1","0","0","3955","98","98","87"
"1634376","2219837","0","102392","1700000","1775304","216.7","0","0","4150","98","98","87"
"1597328","2286129","0","132152","1700000","1865712","226.7","0","0","4361","94","94","83"
"1633360","2418176","0","92360","1700000","1792936","217.8","0","0","4587","93","93","81"
"1753200","2574907","0","109784","1700000","1959832","239.2","0","0","4805","89","89","77"
"1657136","1304276","0","151352","939651","1775528","201.2","0","0","5028","88","88","76"
"790272","1394501","0","92248","908582","1381496","168.6","0","0","5234","89","89","77"
"766720","1488422","0","56536","931745","1357496","164.7","0","0","5438","91","90","79"
"699536","1569051","0","52864","1034798","1026600","124.4","0","0","5633","97","92","77"
"960280","1614647","0","6192","1193166","1229512","150.1","0","0","5848","97","97","78"
"1121768","1713525","0","57848","1232777","1467240","179.1","0","0","6048","97","97","80"
"1202832","1226439","0","74488","864252","1575944","192.4","0","0","6263","115","98","78"
"888616","1293491","0","46048","885258","1237368","150.0","0","0","6464","115","115","77"
"941968","1397970","0","15672","999889","1232160","151.3","0","0","6678","115","115","77"
"968400","1510369","0","23136","1088672","1278856","155.2","0","0","6854","115","115","79"
"1004232","1632048","0","55472","1152284","1352184","165.1","0","0","7022","115","115","79"
"1047424","1763775","0","32112","1278168","1381400","168.6","0","0","7199","115","115","79"
"1169824","1890387","0","56920","1304318","1606720","196.1","0","0","7358","115","115","79"
"1231920","2014403","0","48576","1384791","1658512","202.5","0","0","7539","115","115","77"
"1270656","2175751","0","8232","1533528","1751744","208.8","0","46","7695","115","115","77"
"504400","1218508","0","305800","684020","1058472","126.1","0","46","7804","115","115","88"
"239872","1253855","0","6144","721140","359136","43.8","0","46","8068","141","117","87"
"897296","1760421","0","43280","1089549","1260536","153.9","0","46","8306","156","135","84"
"615472","527345","0","40096","352905","771864","93.3","0","46","8539","156","156","83"
"278968","570533","0","24504","319594","538568","64.7","0","46","8778","188","157","83"
"277632","615860","0","18968","388154","420280","49.8","0","46","9002","204","188","82"
"309640","649471","0","25112","411376","440864","53.8","0","46","9223","204","204","81"
"359704","697713","0","22496","460750","516360","60.8","0","46","9453","229","205","81"
"430840","733643","0","13480","492718","580440","70.9","0","46","9687","229","229","79"
"464176","793334","0","16344","532422","651768","78.8","0","46","9892","245","232","79"
"536448","838838","0","28184","550158","736224","89.9","0","46","10071","245","245","81"
"517048","865494","0","21808","696919","552008","67.4","0","46","10254","230","230","81"
"689920","899517","0","44392","756285","755072","92.2","0","46","10428","230","230","82"
"726672","950963","0","22424","820020","781232","94.4","0","46","10614","230","230","79"
"756616","1000694","0","38792","856998","828152","101.1","0","46","10806","230","230","77"
"821576","1054675","0","62168","893477","905800","110.6","0","46","10999","230","230","75"
"839496","671030","0","58696","539369","760056","91.9","0","46","11175","213","213","75"
"448216","718177","0","23480","609259","663824","81.0","0","46","11332","180","180","77"
"489360","776631","0","23848","656468","533096","65.1","0","46","11498","163","163","79"
"536752","506927","0","19008","414648","567968","68.5","0","46","11666","163","163","79"
"515968","535561","0","14952","449841","502832","61.4","0","46","11820","163","163","80"
"377264","572416","0","13312","471685","482632","58.2","0","46","12000","163","163","79"
"424808","615310","0","13616","517047","446352","54.5","0","46","12197","163","163","77"
"491336","375135","0","7800","297913","423296","50.8","0","46","12379","163","163","75"
"272152","379135","0","19936","307847","356016","43.5","0","46","12563","163","163","77"
"72656","380938","0","37536","240575","177280","21.6","0","46","12688","163","163","84"
"190184","382082","0","0","224827","268936","32.8","0","50","12804","163","163","89"
"207088","389114","0","0","231839","306688","36.4","0","56","12941","163","163","88"
"223440","390255","0","24760","227855","324400","38.6","0","56","13071","163","163","94"
"68456","170531","0","32112","63155","157416","16.2","0","56","13270","108","108","97"
"19864","185078","0","7376","107158","33288","4.1","0","56","13330","119","112","99"
"42664","185078","0","0","89323","65744","8.0","0","56","13489","143","123","99"
"92328","189152","0","2856","105960","121128","14.5","0","56","13630","160","149","98"
"127896","198338","0","0","136298","137888","16.8","0","56","13780","179","164","96"
"129112","205911","0","8560","134753","148528","17.6","0","56","13912","198","183","95"
"128264","215131","0","4752","147086","142896","17.4","0","63","14034","198","198","94"
"126200","222430","0","5032","153315","141456","16.7","0","63","14169","221","200","92"
"133896","231241","0","5304","161741","149536","18.3","0","63","14301","221","221","91"
"162840","240767","0","0","176959","171152","20.9","0","63","14443","241","224","91"
"161360","251155","0","0","152923","198824","23.5","0","63","14586","241","241","90"
"153368","265441","0","7040","146411","227760","27.8","0","63","14732","259","245","89"
"128552","264595","0","0","140441","211944","25.4","0","63","14875","259","259","89"
"124696","272680","0","9408","142336","199448","23.7","0","63","15021","259","259","88"
"132328","279058","0","0","148474","192216","23.5","0","63","15165","259","259","87"
"139472","289214","0","0","206613","165888","18.8","0","63","15321","259","259","86"
"193456","294910","0","4792","223122","211720","25.8","0","63","15472","274","262","85"
"211496","299159","0","0","232759","214424","26.2","0","63","15616","274","274","85"
"160544","196943","0","14664","121296","149720","17.4","0","63","15777","274","274","87"
"105256","212663","0","0","149719","156936","19.2","0","63","15929","274","274","85"
"123368","230676","0","3800","162565","138256","16.5","0","63","16083","274","274","85"
"144224","248797","0","0","184517","150128","18.3","0","63","16249","274","274","85"
"172144","269701","0","0","204597","187360","22.0","0","63","16404","274","274","85"
"156856","193583","0","6560","125501","152208","18.6","0","63","16547","274","274","84"
"115736","202406","0","0","139894","145432","17.1","0","63","16660","274","274","85"
"115056","207483","0","0","144971","122472","15.0","0","63","16776","274","274","85"
"130584","216275","0","0","153331","141536","16.8","0","63","16888","274","274","85"
"145888","226422","0","4632","158265","158280","19.3","0","63","17000","274","274","86"
"153952","234018","0","4200","165821","166456","20.3","0","63","17115","274","274","85"
"170208","244068","0","0","179748","170448","20.4","0","63","17221","274","274","100"
"169488","254164","0","0","189492","187008","22.8","0","63","17339","274","274","98"
"172448","266822","0","0","201758","182480","21.4","0","63","17457","274","274","98"
"187304","276985","0","7736","203360","204400","25.0","0","63","17575","274","274","97"
"198480","291683","0","0","225123","203072","24.8","0","63","17696","274","274","95"
"212432","316018","0","0","248714","223472","26.4","0","69","17815","257","257","94"
"239288","338184","0","5064","264201","244320","29.8","0","69","17941","257","257","93"
"257408","366239","0","0","296255","269704","32.9","0","69","18077","257","257","93"
"292632","396299","0","0","324899","300920","36.2","0","69","18219","257","257","93"
"304248","424733","0","5712","345319","325544","39.7","0","69","18347","257","257","93"
"336192","458583","0","6784","376293","352200","42.3","0","69","18473","238","238","92"
"333760","496018","0","11912","405999","364648","44.5","0","69","18610","238","238","91"
"403096","528906","0","5152","445375","421536","51.5","0","69","18764","238","238","90"
"430480","574995","0","14352","479736","465896","56.0","0","69","18931","238","238","88"
"470984","621995","0","0","540139","486000","59.3","0","69","19121","238","238","86"
"526688","668283","0","6784","576359","539640","65.9","0","69","19325","238","238","83"
"546752","713533","0","0","626517","569992","68.8","0","69","19521","238","238","82"
"564520","769968","0","28328","665473","603672","73.7","0","69","19729","218","218","80"
"644824","817688","0","34112","673893","707848","85.7","0","69","19943","218","218","83"
"605272","521475","0","40296","417431","664448","80.0","0","69","20214","218","218","80"
"482376","551145","0","6200","466171","505488","61.7","0","69","20475","218","218","77"
"406808","592160","0","5008","505438","433176","52.0","0","69","20700","201","201","77"
"443280","637174","0","14568","537310","474880","58.0","0","69","20883","201","201","77"
"450288","689148","0","12480","587593","458912","56.7","0","69","21083","201","201","84"
"572816","733127","0","62416","607983","665848","80.3","0","69","21276","201","201","84"
"534216","494648","0","32208","327670","609144","74.4","0","69","21366","201","201","89"
"258944","494648","0","98248","330403","475120","57.2","0","74","21474","201","201","94"
"115976","405929","0","60424","189975","384024","46.2","0","74","21626","201","201","96"
"177296","439403","0","0","258818","254512","31.1","0","74","21760","186","186","96"
"215832","392994","0","4680","228405","323528","38.5","0","74","21922","186","186","101"
"200424","396374","0","0","239121","279656","34.1","0","74","22033","202","194","107"
"224560","407116","0","11224","244779","336784","40.4","0","74","22201","218","210","108"
"219560","436629","0","5272","262364","336928","41.1","0","74","22352","235","221","106"
"239560","471830","0","0","287034","345336","41.3","0","74","22506","254","241","104"
"287656","510576","0","0","331011","395480","48.3","0","74","22655","269","259","102"
"287904","546561","0","13480","330062","424024","51.8","0","78","22793","284","279","102"
"305448","584055","0","0","378899","416128","50.8","0","78","22902","284","284","100"
"360152","631779","0","27080","406906","514712","62.1","0","86","23036","284","284","101"
"388808","680644","0","5912","497955","482104","58.9","0","86","23158","284","284","101"
"460888","730336","0","7520","633211","472416","57.7","0","86","23276","304","289","100"
"570432","786946","0","13960","680478","602464","73.5","0","86","23384","304","304","99"
"694952","840294","0","32648","714203","738960","90.2","0","86","23505","321","310","97"
"701736","908518","0","16440","794680","734768","89.7","0","86","23635","321","321","96"
"717592","982199","0","47856","828629","787104","96.1","0","86","23775","321","321","94"
"731984","1050331","0","41560","907632","801048","97.8","0","86","23929","338","331","92"
"862680","1135357","0","36960","986759","923920","111.9","0","86","24087","338","338","90"
"931400","1174749","0","22576","1031831","988336","120.6","0","86","24175","338","338","89"
"425800","862974","0","113264","645204","606680","67.8","0","86","24397","338","338","89"
"172144","862974","0","6152","538928","196960","23.3","0","86","24464","338","338","92"
"561936","862974","0","7032","744451","494824","60.4","0","86","24533","338","338","95"
"1086320","869980","0","24504","751740","877160","107.1","0","86","24678","338","338","96"
"826560","879165","0","32784","761654","885392","108.1","0","86","24821","338","338","92"
"680304","887218","0","25200","769841","886760","108.2","0","86","24941","299","299","93"
"570376","777156","0","93440","605597","780040","95.2","0","86","25055","299","299","95"
"573232","812859","0","52440","669949","733224","89.5","0","86","25174","299","299","94"
"550712","878888","0","26928","748919","590416","71.2","0","86","25279","299","299","93"
"652688","950199","0","0","852615","675664","82.5","0","86","25385","299","299","92"
"711736","1027215","0","7016","916930","730136","89.1","0","86","25487","299","299","93"
"915152","1105213","0","25576","972608","957488","116.9","0","86","25593","299","299","92"
"845512","733602","0","57696","603775","926136","113.1","0","86","25705","299","299","93"
"633664","781186","0","37376","653619","702488","84.7","0","86","25818","299","299","93"
"703664","837093","0","7368","736875","748976","90.5","0","86","25937","299","299","93"
"639112","892373","0","6328","789508","661536","80.8","0","86","26049","299","299","92"
"726768","928983","0","33040","823490","801776","97.9","0","86","26171","299","299","91"
"760096","1003564","0","16072","885289","805792","98.4","0","86","26292","299","299","90"
"805624","1076752","0","23824","954057","870304","105.2","0","86","26410","299","299","89"
"820832","1154799","0","46248","991876","887936","108.4","0","86","26527","299","299","89"
"897808","1246989","0","55592","1073167","1023432","123.1","0","86","26653","299","299","88"
"982600","1321763","0","64344","1141727","1083352","132.2","0","86","26779","299","299","87"
"1123000","1419099","0","47840","1219949","1196416","146.0","0","86","26884","299","299","89"
"1141936","1136007","0","56424","1000125","1228600","149.0","0","86","27027","299","299","91"
"673800","1140842","0","30832","753738","941504","114.9","0","86","27143","283","283","91"
"673984","805192","0","44896","523705","938896","114.6","0","86","27275","283","283","89"
"562824","868988","0","28904","566650","801040","97.8","0","86","27421","283","283","88"
"578928","939507","0","14656","622570","798896","96.8","0","86","27574","283","283","87"
"614464","1014645","0","15824","673597","876152","107.0","0","86","27738","283","283","83"
"580968","1096817","0","0","745111","786104","96.0","0","86","27915","283","283","80"
"636520","1176052","0","37528","769206","921784","111.6","0","86","28097","268","268","98"
"686544","1255945","0","31072","841796","957336","116.9","0","86","28287","268","268","93"
"773424","1355059","0","16440","960740","1038792","126.8","0","86","28498","268","268","93"
"911680","1460851","0","32480","1031254","1226712","149.7","0","86","28707","268","268","91"
"917424","1561966","0","31456","1111620","1240720","151.5","0","86","28912","268","268","91"
"1033432","1668432","0","42080","1385447","1179824","143.0","0","86","29121","268","268","91"
"1269064","1728116","0","71024","1528404","1345152","164.2","0","86","29340","268","268","95"
"720952","829567","0","17128","721012","771648","93.2","0","86","29545","268","268","92"
"771304","896932","0","44688","758452","845928","103.3","0","86","29761","268","268","92"
"788568","969687","0","16232","862341","840776","102.6","0","86","29976","253","253","89"
"744136","1039737","0","44912","877507","821584","100.3","0","86","30183","253","253","89"
"819672","1110489","0","29408","978156","851664","103.1","0","86","30389","253","253","88"
"906608","1187983","0","41136","1025148","985080","120.2","0","86","30600","236","236","88"
"945720","1284022","0","70640","1090641","1041552","128.0","0","86","30811","236","236","87"
"752816","683724","0","32080","568117","807952","97.6","0","86","31014","236","236","89"
"643344","739422","0","33624","618879","677120","82.7","0","86","31223","236","236","90"
"654128","792615","0","23200","678997","716736","87.5","0","86","31427","236","236","89"
"654432","857024","0","6432","756364","692352","84.5","0","86","31625","221","221","87"
"647184","926165","0","28112","795904","686888","83.8","0","86","31849","221","221","87"
"682016","988484","0","31200","860373","761144","92.9","0","86","32059","221","221","85"
"761024","1057724","0","8688","935749","790512","96.5","0","86","32270","221","221","85"
"558200","559840","0","30640","456497","640192","77.1","0","86","32473","221","221","85"
"470728","605627","0","15240","507903","509600","62.2","0","86","32686","206","206","85"
"514360","652469","0","22480","545750","558312","68.2","0","86","32894","206","206","86"
"512792","705667","0","12744","605129","566032","68.3","0","86","33105","206","206","86"
"542720","758134","0","8840","659119","568240","69.4","0","86","33316","206","206","85"
"562856","819785","0","28704","693906","619648","75.6","0","86","33526","206","206","84"
"600200","869013","0","24056","737863","647504","79.0","0","86","33725","206","206","84"
"634512","923991","0","29296","792514","703072","84.9","0","86","33943","206","206","82"
"754816","998910","0","8840","888543","788832","96.3","0","86","34154","206","206","81"
"846536","1066935","0","47000","912666","911776","111.3","0","86","34364","206","206","81"
"850944","1156660","0","45080","997339","918472","112.1","0","86","34571","206","206","81"
"917816","1246772","0","31280","1098554","989560","119.7","0","86","34777","190","190","80"
"953288","1345393","0","52672","1166921","1047520","127.9","0","86","34982","190","190","80"
"1142968","1447777","0","96104","1231742","1255424","153.3","0","86","35184","190","190","79"
"1090368","1549375","0","24120","1394625","1190072","145.3","0","86","35393","190","190","79"
"1248336","1656814","0","50560","1466079","1315872","160.6","0","86","35604","190","190","78"
"1221256","1790359","0","15744","1616156","1311328","160.1","0","86","35814","190","190","77"
"1452184","1924841","0","80696","1648256","1579304","192.8","0","86","36024","174","174","77"
"1534520","2050619","0","75872","1700000","1694608","205.9","0","86","36230","174","174","77"
"1299320","1356350","0","59328","1192515","1402816","171.2","0","86","36437","174","174","77"
"1178104","1456091","0","72784","1266577","1297512","158.4","0","86","36632","174","174","77"
"1201648","1571829","0","56576","1381914","1347464","165.6","0","86","36849","174","174","78"
"1191888","1659982","0","31336","1480627","1248960","152.5","0","86","37055","174","174","79"
"1430464","1793781","0","92928","1538386","1575928","192.4","0","86","37260","174","174","79"
"1371480","1938283","0","24728","1700000","1454328","177.5","0","86","37458","174","174","79"
"1526672","2066880","0","25048","1700000","1581696","191.9","0","86","37611","153","153","82"
"1662632","2227615","0","81472","1700000","1795200","219.1","0","86","37769","153","153","85"
"1742440","2394627","0","72944","1700000","1858928","226.9","0","86","37935","153","153","85"
"1701504","2586252","0","117752","1700000","1881360","229.7","0","86","38094","153","153","85"
"1805392","2733008","0","68264","1700000","1898232","231.7","0","86","38273","153","153","84"
"1767072","2878520","0","68840","1700000","1917440","235.1","0","86","38471","153","153","81"
"1694264","2919999","0","34152","1700000","1779784","218.3","0","86","38659","153","153","79"
"1680848","2954812","0","50744","1700000","1767992","215.8","0","86","38872","153","153","80"
"1309904","1701488","0","100520","1469099","1471432","180.6","0","86","39055","153","153","79"
"966512","1829935","0","8848","1632244","1127952","127.5","0","86","39240","153","153","85"
"354688","1338636","0","101232","1073872","480040","58.6","0","86","39319","153","153","92"
"932784","1338636","0","16392","1201949","989656","120.8","0","86","39407","153","153","101"
"1279952","1348276","0","41176","1189288","1250208","152.6","0","86","39620","170","168","107"
"1310576","1358581","0","56528","1189055","1384016","169.9","0","86","39845","149","149","106"
"995528","1188300","0","55696","1032559","1279712","155.1","0","86","40086","118","118","101"
"931816","1248201","0","58184","1081009","1033032","126.1","0","86","40342","115","115","103"
"1019288","1323937","0","65664","1127983","1122416","137.0","0","86","40522","117","117","104"
"942128","1425928","0","49296","1244010","1048224","126.9","0","86","40696","134","130","104"
"1095376","1507967","0","52704","1322123","1175936","143.5","0","86","40903","134","134","102"
"1075128","1617989","0","57168","1434254","1174376","143.4","0","86","41102","150","148","101"
"1409944","1732670","0","73248","1510779","1470808","179.5","0","86","41311","150","150","98"
"1497544","1866162","0","33776","1619299","1620952","197.9","0","86","41520","150","150","96"
"1489536","2011690","0","41360","1700000","1588384","193.9","0","86","41722","150","150","95"
"1552568","2162783","0","126064","1700000","1689328","206.2","0","86","41936","150","150","93"
"1523304","1465366","0","64296","990653","2136344","260.8","0","86","42138","150","150","93"
"989504","1465366","0","143432","968669","1454392","176.6","0","86","42340","150","150","92"
"985680","1482252","0","87040","1017410","1387808","169.4","0","86","42543","150","150","91"
"1020000","1489474","0","15416","1085329","1324496","161.7","0","86","42747","150","150","90"
"1020920","1498935","0","22944","1091208","1353664","165.2","0","86","42944","150","150","88"
"962664","1508714","0","41744","1069866","1302472","159.0","0","86","43154","150","150","88"
"1007920","1513823","0","53864","1082393","1360464","166.1","0","86","43361","150","150","87"
"986520","1522993","0","33512","1101987","1322200","161.4","0","86","43571","165","164","86"
"992232","1533627","0","55080","1068182","1305584","159.4","0","86","43787","165","165","87"
"978696","1544819","0","72904","1095501","1356536","165.6","0","86","43999","165","165","87"
"1030696","1552824","0","7048","1133508","1301936","158.9","0","86","44208","165","165","86"
"1040256","1561710","0","46856","1126299","1432296","174.8","0","86","44418","165","165","86"
"993680","1573447","0","42160","1125954","1350016","164.8","0","86","44621","165","165","85"
"1116712","1584903","0","94816","1090793","1519984","185.5","0","86","44830","165","165","85"
"988880","1597231","0","33360","1341116","1136328","138.7","0","86","45043","165","165","85"
"1201048","1606942","0","47112","1421352","1270240","155.1","0","86","45243","165","165","85"
"1332840","1617857","0","57968","1428216","1463872","178.7","0","86","45467","165","165","86"
"1337376","1363352","0","58592","1193166","1421384","173.5","0","86","45680","165","165","85"
"1220032","1368246","0","55152","1196629","1306880","158.6","0","86","45876","165","165","85"
"1181320","1379672","0","59440","1203790","1330848","162.5","0","86","46079","165","165","84"
"1122576","1391882","0","39784","1230416","1201400","146.7","0","86","46289","165","165","84"
"1132912","1402165","0","42840","1237648","1217344","148.6","0","86","46493","165","165","83"
"1088352","1411770","0","58416","1236923","1183168","144.4","0","86","46692","165","165","83"
"1153424","1423803","0","41008","1249706","1239056","150.2","0","86","46894","165","165","84"
"1145320","1435029","0","24296","1288280","1238880","150.3","0","86","47084","165","165","83"
"946776","939448","0","71176","782054","1036656","127.6","0","86","47307","165","165","83"
"691912","943540","0","66160","626299","946896","115.6","0","86","47505","165","165","83"
"621856","953714","0","25552","623925","928776","113.4","0","86","47705","165","165","82"
"587040","965203","0","47936","629196","872400","105.5","0","86","47925","165","165","82"
"648160","975940","0","0","669425","863456","105.4","0","86","48074","165","165","82"
"605552","987765","0","8688","667937","856064","104.5","0","86","48293","165","165","82"
"605800","687650","0","22056","442010","822040","100.3","0","86","48514","165","165","82"
"470200","693641","0","14792","444865","684880","83.6","0","86","48753","165","165","81"
"390216","704211","0","0","476202","521576","63.7","0","86","48962","165","165","81"
"392232","714285","0","6640","480993","537296","65.6","0","86","49150","165","165","81"
"441360","725774","0","5792","492182","590672","71.5","0","86","49347","165","165","82"
"454144","735711","0","13088","491297","627608","76.6","0","86","49552","165","165","83"
"460760","746856","0","12776","563724","548768","66.2","0","86","49753","165","165","81"
"527136","758386","0","6016","662632","564032","68.9","0","86","49981","165","165","80"
"645008","768085","0","20056","658418","681144","83.1","0","86","50190","165","165","79"
"608240","778669","0","40160","648184","684800","83.6","0","86","50388","165","165","80"
"632520","788944","0","22784","665361","680184","82.3","0","86","50598","165","165","80"
"626272","799065","0","23368","684966","681312","83.2","0","86","50807","165","165","81"
"509624","567499","0","43256","450432","566320","69.1","0","86","50969","165","165","85"
"453408","576943","0","38768","458912","526888","63.3","0","86","51121","165","165","87"
"462264","586603","0","14512","490574","484120","59.1","0","86","51289","165","165","88"
"458616","594536","0","33136","479421","499808","61.0","0","86","51451","165","165","91"
"451832","600810","0","38536","478608","495784","59.7","0","86","51617","165","165","89"
"453880","607646","0","15648","492286","482176","58.9","0","86","51806","165","165","87"
"462664","506921","0","15360","416245","491336","60.0","0","86","52012","165","165","84"
"430696","516893","0","7064","432223","446472","53.8","0","86","52199","165","165","80"
"432448","528341","0","22480","428392","463600","56.6","0","86","52424","165","165","80"
"404448","537363","0","18880","439203","441048","53.8","0","86","52639","165","165","79"
"402024","551569","0","0","472697","418408","50.4","0","86","52855","165","165","78"
"408232","563789","0","14320","468420","435024","53.1","0","86","53056","165","165","78"
"426936","576006","0","23320","471114","461232","55.4","0","86","53260","165","165","78"
"472872","584507","0","14224","487561","510016","62.3","0","86","53468","165","165","77"
"397960","438124","0","8112","356976","415864","49.8","0","86","53670","165","165","80"
"318816","447358","0","8280","364683","350416","42.8","0","86","53833","165","165","80"
"310344","455898","0","6208","374398","330288","40.3","0","86","53972","165","165","81"
"330880","476886","0","11792","387596","362112","43.6","0","86","54141","165","165","87"
"366776","495553","0","0","419353","382696","46.7","0","86","54258","165","165","91"
"434184","521834","0","6752","437187","434336","53.0","0","86","54366","165","165","96"
"397376","563501","0","15448","466781","431712","52.7","0","86","54517","184","184","93"
"467296","607364","0","17712","507152","505288","60.7","0","86","54673","184","184","89"
"498384","656953","0","0","573049","506336","60.8","0","86","54850","184","184","86"
"542984","707104","0","12744","606578","568504","69.4","0","86","55034","201","200","84"
"600504","764072","0","16000","666770","611792","75.5","0","86","55226","201","201","83"
"651840","819135","0","15320","701689","692560","84.5","0","86","55433","201","201","80"
"691936","876565","0","15576","757946","712832","86.0","0","86","55635","201","201","77"
"743624","945516","0","16816","829095","777584","94.9","0","86","55838","201","201","76"
"809008","1004991","0","46280","856052","869696","107.0","0","86","56047","201","201","78"
"831384","1071080","0","21344","935273","887168","108.3","0","86","56245","201","201","78"
"875696","1157766","0","46560","997423","934800","114.1","0","86","56454","201","201","79"
"945352","1250655","0","58128","1073940","1036616","125.5","0","86","56661","201","201","79"
"973496","1351707","0","31680","1196031","1017568","124.2","0","86","56869","201","201","80"
"1124856","1460844","0","39536","1294845","1221480","147.2","0","86","57064","201","201","79"
"1275080","1551576","0","98584","1364163","1398128","171.6","0","86","57281","201","201","77"
"1266104","1662372","0","104016","1390649","1388384","169.5","0","86","57496","201","201","76"
"1336144","1773252","0","66064","1556540","1438688","175.6","0","86","57688","201","201","75"
"1357232","1885573","0","68312","1611226","1432376","174.9","0","86","57903","201","201","73"
"1692312","2036686","0","59168","1700000","1766824","215.7","0","86","58112","201","201","72"
"1470888","1245335","0","41816","1101068","1517168","185.2","0","86","58304","201","201","74"
"1078616","1312756","0","74752","1121389","1192776","145.6","0","86","58467","178","178","77"
"1165000","1418776","0","24544","1272115","1217568","148.6","0","86","58637","178","178","77"
"1186880","1533278","0","23704","1380474","1227800","149.9","0","86","58806","178","178","79"
"1250896","1651882","0","40888","1472932","1308048","159.7","0","86","58906","178","178","80"
"561464","1785033","0","58152","1478519","601880","73.5","0","86","59028","178","178","82"
"1305584","1810457","0","29752","1531282","1627432","198.7","0","86","59078","178","178","91"
"1479248","1874421","0","56648","1249578","1866520","227.8","0","86","59122","234","234","101"
"1439792","2008616","0","25528","1376052","2008448","245.2","0","86","59149","286","247","102"
"1077616","2170305","0","34680","1458672","1594616","194.7","0","86","59168","327","327","109"
"1114592","2339786","0","41936","1669615","1429424","174.5","0","86","59185","345","345","118"
"1466704","2414049","0","122936","1594496","2098736","257.2","0","86","59221","265","265","124"
"1624384","2520023","0","114736","1673598","2292088","279.8","0","86","59249","299","272","127"
"1625672","2699480","0","51064","1700000","2253368","274.1","0","86","59256","351","285","126"
"1526936","2792330","0","58984","1700000","2105288","257.0","0","86","59271","397","293","124"
"1715632","3016716","0","33064","1700000","2363432","285.5","0","86","59285","446","312","125"
"952080","3192055","0","149232","1700000","1413984","171.5","0","86","59307","466","466","125"
"1670752","3192055","0","52392","1700000","2247032","274.3","0","86","59319","441","441","128"
"1612112","3311547","0","68024","1700000","2260544","273.9","0","86","59335","441","441","131"
"1823056","3409016","0","109672","1700000","2505552","305.9","0","86","59348","441","441","129"
"1633616","3511405","0","97856","1700000","2240696","273.5","0","86","59354","481","445","130"
"1557944","3574389","0","50272","1700000","2177520","266.8","0","86","59371","509","453","115"
"1276344","2772000","0","125848","1700000","1744072","213.9","0","86","59400","509","476","128"
"1531576","2815166","0","55624","1700000","2118832","257.7","0","86","59424","538","496","128"
"1628720","2955594","0","58856","1700000","2241336","273.6","0","86","59455","561","531","126"
"1618752","2998153","0","83184","1700000","2264632","276.4","0","86","59485","581","564","125"
"1555408","3152010","0","66016","1700000","2156568","263.3","0","86","59514","581","581","122"
"1545880","3240330","0","158664","1700000","2212800","271.1","0","86","59545","581","581","121"
"1765848","3241330","0","50328","1700000","2383408","290.9","0","86","59574","596","596","119"
"1713864","3501636","0","77264","1700000","2417080","290.9","0","86","59604","596","596","116"
"1577888","3763851","0","144168","1700000","2293232","279.9","0","86","59635","596","596","114"
"1569736","3777652","0","82008","1700000","2151768","262.7","0","86","59665","596","596","112"
"1530784","1966075","0","50720","1303293","2117400","257.4","0","86","59693","596","596","110"
"1490008","2268088","0","98160","1492064","2055368","250.9","0","86","59725","596","596","109"
"1406552","2324370","0","98376","1571361","1984536","241.2","0","86","59756","596","596","107"
"1626744","2471602","0","48216","1692984","2194240","267.9","0","86","59786","596","596","106"
"1451808","1233570","0","382176","781229","1664600","203.2","0","86","59816","611","611","106"
"670256","1233570","0","25088","681170","1259080","153.7","0","86","59850","611","611","105"
"605496","1233570","0","46520","681170","1256008","153.3","0","86","59893","611","611","104"
"519688","1333256","0","29888","621018","1346112","163.5","0","86","59944","611","611","102"
"564856","1440916","0","31208","659826","1453936","177.5","0","86","60005","611","611","100"
"610512","1465038","0","87896","670775","1515672","185.0","0","86","60063","611","611","98"
"637648","1465038","0","55368","670775","1496944","182.7","0","86","60122","611","611","97"
"688048","1583241","0","60864","727244","1603768","196.9","0","86","60188","611","611","97"
"725832","1710900","0","57648","787946","1751208","212.9","0","86","60261","591","591","96"
"764344","1226875","0","32968","556237","1681624","205.3","0","86","60330","591","591","95"
"518104","884187","0","71976","393133","1106480","135.1","0","86","60391","571","571","97"
"443912","887873","0","37136","469597","778728","94.2","0","86","60473","571","571","98"
"499328","897651","0","13840","588416","702776","84.9","0","86","60566","550","550","95"
"479080","907228","0","12640","614664","658608","80.4","0","86","60657","550","550","93"
"531912","915873","0","73592","590893","800208","96.7","0","86","60756","550","550","93"
"529448","925505","0","15816","642559","719184","88.5","0","86","60848","550","550","89"
"631816","935890","0","14504","617998","875664","106.9","0","86","60960","527","527","90"
"565048","946469","0","50864","610091","826072","100.0","0","86","61091","510","510","85"
"592016","955067","0","20176","645987","804424","98.2","0","86","61226","490","490","83"
"607736","965327","0","13472","641280","872112","105.7","0","86","61369","472","472","81"
"619944","976240","0","15112","646255","878008","108.2","0","86","61520","451","451","78"
"550016","811447","0","47496","518328","777768","93.9","0","86","61661","434","434","96"
"552808","822239","0","26096","605783","679168","82.9","0","86","61852","403","403","95"
"537512","834405","0","21032","715159","570896","69.7","0","86","62045","382","382","90"
"635064","842109","0","7592","731866","673344","82.2","0","86","62243","363","363","86"
"687928","855591","0","17568","743446","720976","88.0","0","86","62447","345","345","80"
"717784","866644","0","31528","748666","773720","94.4","0","86","62674","330","330","79"
"703640","877199","0","8040","766124","745280","91.0","0","86","62876","315","315","77"
"737392","886378","0","36560","760942","769888","93.2","0","86","63087","315","315","76"
"720168","896128","0","14520","785901","788224","97.2","0","86","63294","294","294","76"
"703584","905306","0","15832","792294","755528","91.2","0","86","63500","294","294","75"
"730352","912608","0","7320","808422","771696","94.2","0","86","63673","274","274","78"
"750416","923894","0","23792","801669","780496","95.3","0","86","63880","274","274","83"
"759808","934825","0","16240","820803","819160","98.9","0","86","64088","274","274","83"
"802736","945835","0","31432","816918","870816","106.3","0","86","64290","249","249","83"
"787416","954969","0","17240","838717","819216","100.0","0","86","64501","249","249","81"
"772080","963686","0","24288","856475","811360","98.1","0","86","64705","231","231","83"
"815208","975288","0","17872","857899","857200","104.6","0","86","64917","231","231","81"
"905912","986253","0","24680","861134","894424","108.2","0","86","65119","231","231","77"
"778832","991922","0","23520","868815","891632","109.8","0","110","65274","231","231","76"
"656480","797669","0","23880","682633","706736","86.3","0","110","65536","213","213","74"
"695080","808503","0","0","717119","709096","86.6","0","110","65851","213","213","73"
"672520","820855","0","0","728567","696696","84.1","0","111","66190","190","190","75"
"657216","833427","0","27720","712014","715240","87.3","0","111","66559","170","170","77"
"668400","845306","0","30664","720204","723416","88.3","0","111","66948","170","170","79"
"655752","855244","0","9048","751692","690320","84.3","0","111","67308","170","170","79"
"565360","554284","0","31288","451043","630824","77.0","0","111","67664","170","170","80"
"469240","587680","0","16928","489796","507864","62.0","0","111","67987","170","170","80"
"499456","635558","0","14104","537711","544000","65.6","0","111","68308","170","170","78"
"521224","682315","0","0","597187","558016","67.0","0","111","68655","170","170","76"
"527152","737900","0","0","650380","554208","67.7","0","111","68986","170","170","74"
"613360","797932","0","63392","642105","693288","84.6","0","111","69309","170","170","73"
"576608","857278","0","29168","728768","639496","77.0","0","111","69634","170","170","71"
"700256","899515","0","16504","785331","733248","89.5","0","111","69885","170","170","74"
"734304","969066","0","23744","842822","774128","94.5","0","111","70128","170","170","74"
"807176","1041524","0","23384","921130","847312","103.4","0","111","70366","170","170","76"
"862168","1120320","0","23592","987871","912216","110.5","0","111","70610","170","170","78"
"860912","1205742","0","35208","1054120","939000","114.6","0","111","70866","170","170","77"
"962144","1282578","0","45912","1114165","1010488","123.4","0","111","71080","170","170","77"
"1104080","1386184","0","33704","1231439","1205008","147.1","0","111","71261","170","170","76"
"1126360","1498079","0","47400","1319092","1190240","145.3","0","111","71446","170","170","74"
"1203160","1574983","0","40224","1402827","1312112","160.2","0","111","71626","170","170","74"
"1205968","1698337","0","82800","1467713","1346552","163.3","0","111","71825","170","170","74"
"1319384","1829321","0","89488","1571328","1491768","181.2","0","111","72045","170","170","73"
"1372184","1976410","0","50752","1698482","1497512","182.8","0","111","72282","170","170","71"
"1572120","2092933","0","75640","1700000","1745344","212.0","0","111","72488","170","170","70"
"1478712","2202168","0","76552","1689774","1864408","228.6","0","111","72719","170","170","70"
"1532792","2359785","0","41336","1656831","2032440","248.1","0","111","72916","170","170","70"
"1455040","2520764","0","81928","1700000","2028232","245.6","0","111","73110","170","170","70"
"1551256","2723425","0","74048","1700000","2075864","254.4","0","111","73300","170","170","69"
"1715592","2899638","0","133184","1700000","2298592","279.6","0","111","73496","170","170","67"
"1456320","1694254","0","49432","1177371","2002048","244.4","0","111","73668","170","170","68"
"1161224","1794940","0","50592","1256946","1558504","190.2","0","111","73808","170","170","72"
"1077016","1929248","0","31288","1315379","1476400","181.1","0","111","73933","170","170","74"
"1154840","2066262","0","64928","1409811","1541176","188.1","0","111","74062","142","142","75"
"1238264","2203914","0","57720","1553662","1642264","199.5","0","111","74180","142","142","75"
"1499008","2343100","0","94184","1539175","2116256","259.2","0","111","74314","142","142","74"
"1356088","2469711","0","41024","1700000","1861688","227.3","0","111","74468","142","142","73"
"1598328","2639568","0","52280","1700000","2191632","267.5","0","111","74641","142","142","71"
"1546760","2841033","0","158600","1700000","2219088","270.9","0","111","74815","142","142","71"
"1528600","3005556","0","60200","1700000","2202896","269.9","0","111","74981","142","142","72"
"1419032","1763568","0","49504","1228991","1948312","237.8","0","133","75163","142","142","72"
"1195424","1767885","0","66144","1247006","1657768","203.4","0","133","75388","142","142","71"
"1201160","1780201","0","73888","1238417","1630512","199.0","0","133","75624","142","142","72"
"1230888","1790858","0","74104","1225522","1698776","207.4","0","133","75866","104","104","73"
"1026680","1572246","0","48224","1115587","1402256","170.2","0","133","76139","86","86","75"
"1026000","1581470","0","49656","1096448","1407840","171.9","0","133","76428","85","85","74"
"973488","1589601","0","24136","1135367","1331048","161.5","0","133","76735","86","86","75"
"1046648","1599918","0","49584","1143175","1390224","170.8","0","133","77062","86","86","75"
"1077256","1611112","0","40496","1138823","1421680","173.5","0","133","77408","89","86","78"
"1135224","1622292","0","89984","1131429","1566376","190.3","0","133","77774","88","88","77"
"1075656","1634337","0","80232","1272878","1322360","161.4","0","133","78143","103","103","77"
"1238600","1643350","0","24536","1484165","1310904","160.0","0","133","78511","103","103","74"
"1206488","1655997","0","40752","1475829","1281456","156.4","0","133","78824","121","121","73"
"1369072","1667274","0","50184","1482336","1485592","181.3","0","133","79025","121","121","74"
"1452568","1680072","0","84080","1461764","1543120","188.4","0","133","79211","137","137","72"
"1454744","1691166","0","83528","1476767","1621032","197.9","0","133","79420","137","137","69"
"1503176","1142066","0","83352","893233","1469312","179.4","0","133","79598","137","137","68"
"880640","1152232","0","24312","836676","1174216","143.3","0","134","79739","119","119","73"
"649352","1160504","0","67472","726169","1186960","144.9","0","134","79903","119","119","76"
"544224","1167784","0","28504","743406","1084992","131.5","0","134","80055","119","119","77"
"618232","1178206","0","14016","778498","884952","108.0","0","134","80185","119","119","79"
"725320","1187867","0","8168","802518","1001384","122.2","0","134","80330","139","139","80"
"782592","1198415","0","76584","784415","1137080","137.7","0","134","80479","139","139","79"
"719424","1206637","0","21400","813576","1004448","122.6","0","134","80633","139","139","77"
"739128","1217154","0","27640","825204","1035904","125.6","0","134","80769","139","139","77"
"721920","1225750","0","15336","832685","1012416","123.6","0","134","80923","154","154","77"
"785592","1236937","0","39760","821288","1072784","131.0","0","134","81087","154","154","76"
"775976","1247481","0","22704","894308","1032032","126.0","0","134","81250","154","154","75"
"779408","1258022","0","40368","1090737","849608","102.8","0","134","81406","154","154","75"
"1009704","1268933","0","47056","1104418","1067576","131.2","0","134","81570","154","154","75"
"1084128","1278720","0","55760","1108097","1156688","141.2","0","134","81700","154","154","75"
"883952","999688","0","96032","815539","1017528","124.2","0","134","81839","154","154","77"
"850872","1080663","0","46232","927331","933608","114.0","0","134","82001","154","154","74"
"779216","1168116","0","23136","1030513","827288","101.0","0","134","82161","154","154","73"
"874968","1168689","0","22680","1034169","932448","113.8","0","134","82322","154","154","74"
"903272","1251736","0","15608","1120678","980352","119.7","0","134","82463","154","154","93"
"1046704","1346259","0","49472","1175232","1142416","139.5","0","134","82633","154","154","94"
"800832","851728","0","62480","706163","928664","112.5","0","134","82788","154","154","92"
"753336","913107","0","38232","786107","811456","99.1","0","134","82954","154","154","94"
"698344","975446","0","30112","824980","775208","95.6","0","134","83110","154","154","93"
"681712","808358","0","16672","700009","728072","87.8","0","134","83274","154","154","96"
"670856","814312","0","14760","707575","726152","88.6","0","134","83449","154","154","99"
"702072","824240","0","15240","716374","723488","88.3","0","134","83628","154","154","97"
"643216","836752","0","15552","727433","693832","84.7","0","134","83811","154","154","99"
"686584","848934","0","22864","732177","732440","88.5","0","134","84017","154","154","102"
"677160","862413","0","30968","736334","753952","91.1","0","134","84221","154","154","99"
"741280","872610","0","38616","731346","791448","96.6","0","134","84428","154","154","101"
"714032","880642","0","47288","737562","768000","94.6","0","134","84628","154","154","101"
"707424","890902","0","29992","764057","759000","92.7","0","134","84839","154","154","96"
"715072","899052","0","15424","787022","753016","91.9","0","134","85051","154","154","95"
"759112","907773","0","24264","787132","800368","98.6","0","134","85246","154","154","94"
"743200","917723","0","47328","773822","808544","98.7","0","134","85456","154","154","94"
"722936","926516","0","15648","812590","764464","92.4","0","134","85661","154","154","94"
"774600","936590","0","70240","771787","881056","107.6","0","134","85868","154","154","94"
"765488","945181","0","0","847469","794000","96.0","0","134","86065","154","154","94"
"737192","956700","0","23120","832758","789880","96.4","0","134","86282","154","154","92"
"795648","967697","0","30592","837730","867280","103.9","0","134","86485","154","154","93"
"868904","976019","0","24336","853069","936224","114.3","0","134","86694","154","154","92"
"741696","983716","0","8784","874086","753240","91.9","0","134","86904","154","154","93"
"730560","996125","0","8288","886696","774216","94.5","0","134","87112","154","154","90"
"818928","1017625","0","23256","890379","846088","103.3","0","134","87314","154","154","89"
"803488","1101335","0","22320","970724","879952","106.6","0","134","87513","154","154","90"
"954696","1173808","0","54472","991597","1012568","123.6","0","134","87724","154","154","89"
"918280","1243126","0","15888","1112857","962576","117.5","0","134","87929","154","154","90"
"1033856","1331475","0","79272","1132087","1179112","140.7","0","134","88224","154","154","89"
"1027768","1426576","0","74240","1229005","1113336","135.9","0","134","88418","154","154","93"
"1109104","1528655","0","101792","1298372","1256288","151.2","0","134","88591","154","154","93"
"1193576","1642520","0","73544","1424234","1284288","156.8","0","134","88781","154","154","93"
"1281056","1774922","0","41408","1577909","1328512","162.2","0","134","88965","154","154","94"
"1277688","1904409","0","64688","1628660","1383416","168.9","0","134","89169","154","154","96"
"1306496","1988865","0","88544","1688505","1412080","172.4","0","135","89379","154","154","93"
"1355200","2105194","0","25224","1700000","1420368","173.4","0","135","89616","154","154","93"
"1234112","1208573","0","63352","1050774","1315208","160.5","0","135","89845","154","154","91"
"1157448","1306259","0","45936","1146023","1235600","150.8","0","135","90080","154","154","90"
"1070056","1411760","0","49600","1235282","1131736","138.2","0","135","90338","154","154","90"
"1165232","1510042","0","69616","1308519","1259904","153.8","0","135","90576","154","154","89"
"1166848","1615908","0","82336","1399399","1278616","155.1","0","135","90828","154","154","90"
"1148160","957646","0","75352","804063","1274720","155.6","0","135","91077","154","154","88"
"642240","756331","0","6992","660217","669672","80.8","0","135","91333","154","154","89"
"820248","765815","0","38616","640554","761896","94.0","0","135","91592","154","154","88"
"513096","777186","0","16672","671399","706904","84.6","0","135","91837","154","154","87"
"584040","788273","0","16888","678626","610528","74.5","0","135","92082","154","154","86"
"586648","799948","0","6408","701880","623224","75.3","0","135","92280","154","154","86"
"687688","807743","0","0","716319","699992","85.4","0","135","92466","154","154","87"
"663048","816075","0","139272","593956","790440","96.5","0","135","92644","154","154","90"
"586880","817042","0","14032","709296","726648","88.7","0","135","92824","154","154","91"
"591416","838996","0","13776","564675","817936","98.9","0","135","92997","154","154","90"
"526488","778530","0","7120","523164","703704","85.9","0","135","93189","154","154","89"
"538720","783687","0","20640","534662","724576","88.4","0","135","93387","154","154","95"
"521376","798374","0","0","561584","688184","83.3","0","135","93599","154","154","93"
"510920","809970","0","23808","554466","681416","83.2","0","135","93809","154","154","92"
"519192","821459","0","15512","563091","701464","84.9","0","135","94019","154","154","91"
"511864","833128","0","7744","574529","672616","82.1","0","135","94225","154","154","89"
"544088","845254","0","6160","582207","739288","89.1","0","135","94427","154","154","89"
"550864","857359","0","27744","572587","754856","92.1","0","135","94632","154","154","89"
"569360","869110","0","6624","595598","745976","90.0","0","135","94843","154","154","88"
"576024","879326","0","21464","591739","789728","96.4","0","135","95047","154","154","86"
"588496","888374","0","6240","613899","778952","95.1","0","135","95249","154","154","87"
"574032","926359","0","22728","622865","776808","94.8","0","135","95456","154","154","86"
"598656","996552","0","0","730574","744488","90.9","0","135","95666","154","154","85"
"608232","1032031","0","22336","895929","625016","76.3","0","135","95871","154","154","85"
"781392","1086285","0","16464","962263","828760","100.2","0","135","96080","154","154","86"
"914128","1173896","0","22600","1038869","922536","112.6","0","135","96288","154","154","86"
"964896","1258190","0","21520","1122057","1071480","128.1","0","135","96491","154","154","86"
"1067568","1355322","0","76608","1155162","1162680","141.9","0","135","96698","154","154","86"
"1080480","1464748","0","68272","1264211","1170504","142.9","0","135","96886","154","154","85"
"1111448","1582928","0","56408","1384815","1180248","144.1","0","135","97110","154","154","86"
"1270616","1681017","0","33136","1500853","1310944","160.0","0","135","97283","154","154","85"
"1188840","966017","0","34960","841600","1263120","154.2","0","135","97520","154","154","87"
"932392","1002374","0","23992","878497","952888","117.2","0","135","97723","154","154","86"
"865512","1083564","0","7240","971490","921664","112.5","0","135","97930","154","154","86"
"878480","1167312","0","22016","1033510","916448","111.9","0","135","98134","154","154","85"
"924552","1261018","0","53784","1085265","986992","120.5","0","135","98335","154","154","86"
"845968","845856","0","51496","717647","939432","113.7","0","135","98554","154","154","85"
"720800","854988","0","23952","737512","782728","95.5","0","135","98757","154","154","84"
"725496","867721","0","52920","722203","810592","98.1","0","135","98957","154","154","85"
"693136","877009","0","43984","736471","762288","93.1","0","135","99165","154","154","84"
"682096","884585","0","30200","757534","745848","90.2","0","135","99371","154","154","84"
"699128","893927","0","15408","781489","727784","88.8","0","135","99568","154","154","84"
"721264","903950","0","22608","784243","772528","93.4","0","135","99773","154","154","83"
"763344","912334","0","23416","791238","800144","97.7","0","135","99986","154","154","83"
"753016","920777","0","16568","797912","803888","97.3","0","135","100191","154","154","83"
"770464","931115","0","42960","789836","828456","101.1","0","135","100396","154","154","86"
"792472","940710","0","22720","811687","831016","101.4","0","135","100591","154","154","85"
"765184","950617","0","23648","827393","803160","98.0","0","135","100796","154","154","84"
"794840","960951","0","39128","821551","843328","102.1","0","135","100942","154","154","87"
"803080","971838","0","49992","822458","872536","106.5","0","135","101101","137","137","89"
"795080","982553","0","59280","822016","872152","105.6","0","135","101241","137","137","90"
"779992","1001394","0","59872","838568","869296","106.1","0","135","101401","137","137","91"
"764688","1077077","0","37272","928265","818864","99.1","0","135","101572","137","137","90"
"831712","1159383","0","0","1051807","868776","106.1","0","135","101750","137","137","88"
"1005872","1244042","0","65208","1061604","1068144","130.4","0","135","101958","137","137","86"
"993680","1344565","0","83240","1137439","1134704","137.5","0","135","102167","137","137","85"
"1033864","1453130","0","41120","1280176","1084304","132.4","0","140","102367","137","137","83"
"1162104","1570380","0","108904","1323176","1316456","160.7","0","140","102587","137","137","83"
"1174840","1692648","0","72560","1471769","1285120","156.9","0","140","102836","137","137","98"
"1255864","1829060","0","47728","1596356","1365528","164.6","0","140","103096","137","137","98"
"1234272","1976385","0","15136","1700000","1297888","158.4","0","140","103341","137","137","97"
"1365032","2078263","0","65440","1700000","1512576","181.5","0","140","103586","137","137","99"
"1429240","2164462","0","50320","1700000","1503184","183.5","0","140","103830","137","137","98"
"1355016","2321596","0","109824","1700000","1547136","183.5","0","140","104084","137","137","97"
"1395216","2381227","0","30920","1700000","1459456","178.2","0","140","104334","137","137","97"
"1363392","2411287","0","57920","1700000","1515448","180.2","0","140","104506","137","137","97"
"1505584","2464191","0","49552","1700000","1549128","190.1","0","140","104613","114","114","103"
"1943416","2560908","0","74656","1700000","2078536","253.7","0","140","104713","118","118","107"
"1776416","2745383","0","100272","1700000","1927992","235.4","0","140","104809","121","121","110"
"1683712","2907392","0","51176","1700000","1754608","215.3","0","140","104884","121","121","110"
"1928104","3003464","0","232400","1700000","2231072","272.3","0","140","104972","120","120","109"
"1570448","3137492","0","180736","1700000","2444240","298.4","0","140","105065","119","119","108"